{"components": ["1_bg.svg", "2_New_Layer_1653485856.59034.svg", "3_New_Layer_1653485856.5942936.svg", "4_New_Layer_1653485856.5949454.svg", "5_New_Layer_1653485856.5954752.svg", "6_New_Layer_1653485856.5960145.svg", "7_New_Layer_1653485856.5965402.svg", "8_New_Layer_1653485856.5970802.svg", "9_New_Layer_1653485856.5976086.svg", "10_New_Layer_1653485856.5981438.svg", "11_New_Layer_1653485856.5986826.svg", "12_New_Layer_1653485856.5992222.svg", "13_New_Layer_1653485856.5997815.svg", "14_New_Layer_1653485856.6003277.svg", "15_New_Layer_1653485856.600874.svg"], "components_data": {"1_bg.svg": {"type": "locked", "top": 0.0, "bottom": 811.75, "left": 0.0, "right": 825.73, "translate_x": -2.13, "translate_y": -0.81}, "2_New_Layer_1653485856.59034.svg": {"type": "component", "top": 124.0, "bottom": 703.49, "left": 80.0, "right": 531.79, "translate_x": 0.0, "translate_y": 0.0}, "3_New_Layer_1653485856.5942936.svg": {"type": "component", "top": 124.0, "bottom": 336.52, "left": 80.0, "right": 521.57, "translate_x": 0.0, "translate_y": 0.0}, "4_New_Layer_1653485856.5949454.svg": {"type": "component", "top": 124.0, "bottom": 336.52, "left": 180.0, "right": 621.57, "translate_x": 0.0, "translate_y": 0.0}, "5_New_Layer_1653485856.5954752.svg": {"type": "component", "top": 124.0, "bottom": 336.52, "left": 279.0, "right": 720.57, "translate_x": 0.0, "translate_y": 0.0}, "6_New_Layer_1653485856.5960145.svg": {"type": "component", "top": 81.0, "bottom": 336.5, "left": 57.0, "right": 118.64, "translate_x": 0.0, "translate_y": 0.0}, "7_New_Layer_1653485856.5965402.svg": {"type": "component", "top": 81.0, "bottom": 336.5, "left": 157.0, "right": 218.64, "translate_x": 0.0, "translate_y": 0.0}, "8_New_Layer_1653485856.5970802.svg": {"type": "component", "top": 81.0, "bottom": 336.5, "left": 256.0, "right": 317.64, "translate_x": 0.0, "translate_y": 0.0}, "9_New_Layer_1653485856.5976086.svg": {"type": "component", "top": 499.59, "bottom": 523.59, "left": 480.7, "right": 523.7, "translate_x": 0.0, "translate_y": 0.0}, "10_New_Layer_1653485856.5981438.svg": {"type": "component", "top": 284.0, "bottom": 523.59, "left": 178.0, "right": 623.7, "translate_x": 0.0, "translate_y": 0.0}, "11_New_Layer_1653485856.5986826.svg": {"type": "component", "top": 499.59, "bottom": 523.59, "left": 679.7, "right": 722.7, "translate_x": 0.0, "translate_y": 0.0}, "12_New_Layer_1653485856.5992222.svg": {"type": "component", "top": 501.33, "bottom": 525.33, "left": 78.22, "right": 121.22, "translate_x": 0.0, "translate_y": 0.0}, "13_New_Layer_1653485856.5997815.svg": {"type": "component", "top": 231.0, "bottom": 525.33, "left": 159.0, "right": 221.22, "translate_x": 0.0, "translate_y": 0.0}, "14_New_Layer_1653485856.6003277.svg": {"type": "component", "top": 501.33, "bottom": 525.33, "left": 277.22, "right": 320.22, "translate_x": 0.0, "translate_y": 0.0}, "15_New_Layer_1653485856.600874.svg": {"type": "component", "top": 378.0, "bottom": 703.91, "left": 37.0, "right": 129.21, "translate_x": 0.0, "translate_y": 0.0}}}