{"components": ["1_bg.svg", "2_New_Layer_1653488633.5989063.svg", "3_New_Layer_1653488633.6048625.svg", "4_New_Layer_1653488633.605254.svg", "5_New_Layer_1653488633.605635.svg", "6_New_Layer_1653488633.6060379.svg", "7_New_Layer_1653488633.6064584.svg", "8_New_Layer_1653488633.6068606.svg", "9_New_Layer_1653488633.6072562.svg", "10_New_Layer_1653488633.6076465.svg", "11_New_Layer_1653488633.6080542.svg", "12_New_Layer_1653488633.6084564.svg", "13_New_Layer_1653488633.6088645.svg", "14_New_Layer_1653488633.6092637.svg", "15_New_Layer_1653488633.609667.svg", "16_New_Layer_1653488633.610082.svg", "17_New_Layer_1653488633.6104753.svg"], "components_data": {"1_bg.svg": {"type": "locked", "top": 2.0, "bottom": 1310.0, "left": 1.0, "right": 1522.0, "translate_x": 0.0, "translate_y": 0.0}, "2_New_Layer_1653488633.5989063.svg": {"type": "component", "top": 275.75, "bottom": 302.98, "left": 65.29, "right": 584.29, "translate_x": 0.0, "translate_y": 0.0}, "3_New_Layer_1653488633.6048625.svg": {"type": "component", "top": 438.98, "bottom": 495.98, "left": 66.29, "right": 585.29, "translate_x": 0.0, "translate_y": 0.0}, "4_New_Layer_1653488633.605254.svg": {"type": "component", "top": 656.98, "bottom": 714.98, "left": 65.29, "right": 586.29, "translate_x": 0.0, "translate_y": 0.0}, "5_New_Layer_1653488633.605635.svg": {"type": "component", "top": 1158.75, "bottom": 1185.98, "left": 731.29, "right": 1312.47, "translate_x": 0.0, "translate_y": 0.0}, "6_New_Layer_1653488633.6060379.svg": {"type": "component", "top": 505.75, "bottom": 547.08, "left": 732.61, "right": 1316.29, "translate_x": 0.0, "translate_y": 0.0}, "7_New_Layer_1653488633.6064584.svg": {"type": "component", "top": 338.75, "bottom": 358.98, "left": 66.29, "right": 585.29, "translate_x": 0.0, "translate_y": 0.0}, "8_New_Layer_1653488633.6068606.svg": {"type": "component", "top": 524.98, "bottom": 577.98, "left": 66.29, "right": 585.29, "translate_x": 0.0, "translate_y": 0.0}, "9_New_Layer_1653488633.6072562.svg": {"type": "component", "top": 742.98, "bottom": 784.98, "left": 65.29, "right": 586.29, "translate_x": 0.0, "translate_y": 0.0}, "10_New_Layer_1653488633.6076465.svg": {"type": "component", "top": 832.0, "bottom": 887.87, "left": 150.0, "right": 669.0, "translate_x": 0.0, "translate_y": 0.0}, "11_New_Layer_1653488633.6080542.svg": {"type": "component", "top": 910.0, "bottom": 964.54, "left": 150.0, "right": 669.0, "translate_x": 0.0, "translate_y": 0.0}, "12_New_Layer_1653488633.6084564.svg": {"type": "component", "top": 390.75, "bottom": 432.08, "left": 731.29, "right": 1316.29, "translate_x": 0.0, "translate_y": 0.0}, "13_New_Layer_1653488633.6088645.svg": {"type": "component", "top": 813.75, "bottom": 840.98, "left": 732.61, "right": 1312.47, "translate_x": 0.0, "translate_y": 0.0}, "14_New_Layer_1653488633.6092637.svg": {"type": "component", "top": 275.75, "bottom": 317.08, "left": 732.61, "right": 1312.47, "translate_x": 0.0, "translate_y": 0.0}, "15_New_Layer_1653488633.609667.svg": {"type": "component", "top": 620.75, "bottom": 662.08, "left": 731.29, "right": 1312.47, "translate_x": 0.0, "translate_y": 0.0}, "16_New_Layer_1653488633.610082.svg": {"type": "component", "top": 1043.75, "bottom": 1070.98, "left": 732.61, "right": 1316.29, "translate_x": 0.0, "translate_y": 0.0}, "17_New_Layer_1653488633.6104753.svg": {"type": "component", "top": 928.75, "bottom": 955.98, "left": 731.29, "right": 1316.29, "translate_x": 0.0, "translate_y": 0.0}}}